ISIN;null
Начальная дата;21.10.2023
Конечная дата;06.11.2023

ISIN;Полное наименование ЦБ;Объем эмиссии (млн);Дата;Номинал;Валюта номинала;Непогашенный номинал;Ставка купона,  % годовых;Размер выплаты;Размер выплаты, руб.*
XS2159874002;LUKOIL Securities B.V.06/05/30;1500;06.11.2023;1000;USD;1000;3,875;19,375;1806,09
XS2113968148;SovCom Capital perpetual;300;06.11.2023;1000;USD;1000;7,75;19,375;1806,09
RU000A106UK8;МигКредит БО-03;200;06.11.2023;1000;RUB;1000;16,75;13,77;13,77
RU000A106UB7;ОйлРесурсГрупп БО-03;300;06.11.2023;1000;RUB;1000;16,5;13,56;13,56
RU000A106UA9;СМАК БО-П02;60;06.11.2023;1000;RUB;1000;16;13,15;13,15
RU000A105TS5;ЕвроТранс БО-001Р-02;3000;06.11.2023;1000;RUB;1000;13,4;11,01;11,01
RU000A105TR7;АРЕНЗА-ПРО 001P-01;300;06.11.2023;1000;RUB;1000;14,5;11,92;11,92
RU000A1059Q2;ПАО "ЛУКОЙЛ" ЗО-30;287,279;06.11.2023;1000;USD;1000;3,875;19,38;1806,55
RU000A105658;МСБ-Лизинг 002P-06;200;06.11.2023;1000;RUB;611,08;14,5;7,28;7,28
RU000A103406;МФК Мани Мен 02;500;06.11.2023;1000;RUB;1000;12,5;10,27;10,27
RU000A102QQ2;Совкомбанк Лизинг БО-П04;2000;06.11.2023;1000;RUB;400;6,2;6,18;6,18
RU000A1029F8;Лизинг-Трейд 001P-02;500;06.11.2023;1000;RUB;1000;10,8;8,88;8,88
RU000A102689;СберИОС 001Р-335R 3Г Top Five;130,496;06.11.2023;1000;RUB;1000;0,01;0,3;0,3
RU000A1010M4;РЖД ОАО БО 001Р-17R;15000;06.11.2023;1000;RUB;1000;6,75;33,66;33,66
RU000A1010D3;Республика Саха (Якутия) об.13;5000;06.11.2023;1000;RUB;700;6,95;12,13;12,13
RU000A100PP0;Белгородская область 34012 обл;2000;06.11.2023;1000;RUB;250;7,8;4,86;4,86
RU000A0JVY04;РЖД ОАО 36 обл.;15200;06.11.2023;1000;RUB;1000;12,94;64,52;64,52
RU000A0JUA45;"Яковлев" ПАО БО-04;5000;06.11.2023;1000;RUB;1000;9;44,88;44,88
RU000A0JR4U9;Главная дорога АО об.сер. 03;8000;06.11.2023;1000;RUB;750;16,99;127,08;127,08
RU000A106ZL5;РЖД БО 001P-28R;45000;05.11.2023;1000;RUB;1000;13,37;11,36;11,36
RU000A106CJ8;МФК Лайм-Займ 03;800;05.11.2023;1000;RUB;1000;16,5;13,56;13,56
RU000A105EP3;Группа Продовольствие 001P-02;170;05.11.2023;1000;RUB;1000;15;12,33;12,33
RU000A104DZ7;Сибнефтехимтрейд БО-02;350;05.11.2023;1000;RUB;1000;19,5;16,03;16,03
RU000A103PS8;МФК Мани Мен 03;2000;05.11.2023;1000;RUB;1000;12,25;10,07;10,07
RU000A1039F7;РЕСО-Лизинг ООО БО-П-14;300;05.11.2023;1000;RUB;1000;7,5;6,16;6,16
RU000A1033X3;Транс-Миссия БО-П02;60;05.11.2023;1000;RUB;900;13;9,62;9,62
RU000A1013N6;Пионер-Лизинг БО-П03;400;05.11.2023;1000;RUB;1000;18;14,79;14,79
AMUNIBB2DER6;UNIBANK OJSC Series 1 21;3,348;05.11.2023;100;USD;100;5,3;1,325;123,51
XS2330272944;UzAuto Motors JSC 04/05/26;300;04.11.2023;1000;USD;1000;4,85;24,25;2260,52
RU000A106ZQ4;Феррум БП1;250;04.11.2023;1000;RUB;1000;16,75;13,77;13,77
RU000A102T30;СФО Ф-Капитал 01;550;04.11.2023;1000;RUB;147,05;8,5;1,03;1,03
XS2360268762;BCS SP Plc Series 189;600;03.11.2023;100000;RUB;100000;;;
RU000A106C50;СЕЛЛ-Сервис БО-П02;150;03.11.2023;1000;RUB;1000;15;12,33;12,33
RU000A1062J1;СФО ВТБ РКС Эталон 02;10000;03.11.2023;1000;RUB;1000;11;9,34;9,34
RU000A105SP3;ГК Сегежа 003P-02R;6000;03.11.2023;1000;RUB;1000;10,6;26,43;26,43
RU000A1051U1;МТС-Банк ПАО 001P-02;7000;03.11.2023;1000;RUB;1000;9,55;23,81;23,81
RU000A1051T3;Мобильные ТелеСистемы 001P-22;20000;03.11.2023;1000;RUB;1000;8,3;20,69;20,69
RU000A104SY8;РЖД БО 001Р-25R;15000;03.11.2023;1000;RUB;1000;11,87;59,19;59,19
RU000A104SX0;РЖД БО 001Р-24R;10000;03.11.2023;1000;RUB;1000;11,87;59,19;59,19
RU000A104SU6;Мобильные ТелеСистемы 001P-20;10000;03.11.2023;1000;RUB;1000;11,75;29,29;29,29
RU000A103VD8;МСБ-Лизинг 002P-05;96,142;03.11.2023;1000;RUB;1000;12,25;10,07;10,07
RU000A1031Z2;ВЭБ.РФ ПБО-001Р-29;20000;03.11.2023;1000;RUB;1000;7,97;39,74;39,74
RU000A102V51;Нафтатранс плюс ООО БО-03;500;03.11.2023;1000;RUB;1000;12;9,86;9,86
RU000A102BK7;"О'КЕЙ" ООО БО 001Р-04;5000;03.11.2023;1000;RUB;1000;7,5;18,7;18,7
RU000A1010B7;Транснефть ПАО БО-001P-13;15000;03.11.2023;1000;RUB;1000;6,85;34,16;34,16
RU000A1003A4;ГТЛК БО 001P-13;10000;03.11.2023;1000;RUB;1000;9,57;23,86;23,86
RU000A0NH2D5;Банк ВТБ (ПАО) Б-1-127;94,66;03.11.2023;1000;RUB;1000;0,01;0,05;0,05
RU000A0JWYQ5;АФК "Система" ПАО БО 001P-04;6500;03.11.2023;1000;RUB;1000;6,35;31,66;31,66
RU000A0JWYJ0;Группа компаний "Самолет" 01;1500;03.11.2023;1000;RUB;1000;11,5;28,67;28,67
RU000A0JVXZ0;АФК "Система" ПАО БО 001P-02;1700;03.11.2023;1000;RUB;1000;7,5;37,4;37,4
XS1514045886;Lukoil Int Finance 02/11/26;1000;02.11.2023;1000;USD;1000;4,75;23,75;2213,91
RU000A106NT4;ПИМ БО-02;175;02.11.2023;1000;RUB;1000;14,5;36,15;36,15
RU000A1066J2;ПАО "ТГК-14" 001Р-01;3499,999;02.11.2023;1000;RUB;1000;14;34,9;34,9
RU000A105WZ4;Лизинг-Трейд 001P-07;150;02.11.2023;1000;RUB;1000;14,5;11,92;11,92
RU000A105SZ2;СибАвтоТранс 001Р-01;200;02.11.2023;1000;RUB;1000;18;44,88;44,88
RU000A105SX7;АБЗ-1 001P-03;1500;02.11.2023;1000;RUB;1000;14,25;35,53;35,53
RU000A105G99;СФО ВТБ РКС Эталон 01;10000;02.11.2023;1000;RUB;1000;11;9,34;9,34
RU000A1059T6;БКС Банк 001P-09;400;02.11.2023;1000;RUB;1000;0,01;0,1;0,1
RU000A1059N9;ПАО "ЛУКОЙЛ" ЗО-26;315,76;02.11.2023;1000;USD;1000;4,75;23,75;2213,91
RU000A103H25;НПО ХимТэк 001P-01;150;02.11.2023;1000;RUB;900;13;29,17;29,17
RU000A102CZ3;Онлайн Микрофинанс 03;700;02.11.2023;1000;RUB;1000;12,5;10,27;10,27
RU000A102028;ЭНЕРГОНИКА 001Р-01;50;02.11.2023;1000;RUB;1000;18;44,88;44,88
RU000A101MW1;Банк ВТБ (ПАО) Б-1-66;335,659;02.11.2023;1000;RUB;1000;0,01;0,05;0,05
RU000A100DC4;МСБ-Лизинг 002Р-02;200;02.11.2023;1000;RUB;145,97;12,75;1,53;1,53
RU000A100D89;Республика Беларусь 07;10000;02.11.2023;1000;RUB;1000;8,5;42,38;42,38
RU000A0ZYFB8;Красноярский край  обл.14;7800;02.11.2023;1000;RUB;750;7,84;14,66;14,66
RU000A0ZYF61;Ненецкий авт.округ 2017;2000;02.11.2023;1000;RUB;100;7,8;1,94;1,94
RU000A0NX498;ВЭБ.РФ ПБО-001Р-К449;30000;02.11.2023;1000;RUB;1000;13,05;5,01;5,01
RU000A0NX480;ВЭБ.РФ ПБО-001Р-К447;2501,05;02.11.2023;1000;RUB;1000;13,05;5,01;5,01
RU000A0JXE06;ГосТранспортЛизингКомп 001P-03;10000;02.11.2023;1000;RUB;1000;11;27,42;27,42
RU000A0JWXQ7;Хакасия 2016 об.35006;5000;02.11.2023;1000;RUB;400;11,7;11,8;11,8
RU000A0JVXS5;РЕСО-Лизинг ООО БО-4;3000;02.11.2023;1000;RUB;1000;11,2;55,85;55,85
XS2353064335;BCS SP Plc Series 182;10;01.11.2023;1250;USD;1250;;;
XS1764143597;BCS SP Plc Series 2018-1;100;01.11.2023;100000;USD;100000;6,11;1561,444;145553,79
RU000A1066D5;ОФЗ-ПК 29024 18/04/35;750000;01.11.2023;1000;RUB;1000;;;
RU000A105G16;ОФЗ-ПК 29022 20/07/33;1000000;01.11.2023;1000;RUB;1000;;;
RU000A106TM6;Банк ВТБ (ПАО) Б-1-343;20000;01.11.2023;1000;RUB;1000;13;11,04;11,04
RU000A106GC4;АРЕНЗА-ПРО 001P-02;400;01.11.2023;1000;RUB;1000;13;10,68;10,68
RU000A106GB6;Лизинг-Трейд 001P-09;300;01.11.2023;1000;RUB;1000;14;11,51;11,51
RU000A105CS1;Селигдар 001Р-01;10000;01.11.2023;1000;RUB;1000;10,8;53,85;53,85
RU000A103QE6;Банк ВТБ (ПАО) Б-1-240;521,969;01.11.2023;1000;RUB;1000;0,01;0,05;0,05
RU000A103QD8;Банк ВТБ (ПАО) Б-1-239;157,009;01.11.2023;1000;RUB;1000;0,01;0,05;0,05
RU000A103DY2;БЭЛТИ-ГРАНД ООО БО-П04;250;01.11.2023;1000;RUB;930;12,25;9,36;9,36
RU000A1032S5;ЛИТАНА 001P-01;300;01.11.2023;1000;RUB;1000;13;32,41;32,41
RU000A1032P1;ООО «СФО ВТБ РКС-1 »;35000;01.11.2023;1000;RUB;1000;8;6,79;6,79
RU000A1031Y5;ВЭБ.РФ ПБО-001Р-28;80000;01.11.2023;1000;RUB;1000;7,97;39,74;39,74
RU000A102Y74;Банк ВТБ (ПАО) Б-1-206;456,652;01.11.2023;1000;RUB;1000;0,01;0,05;0,05
RU000A100YD8;Нафтатранс плюс ООО БО-02;250;01.11.2023;10000;RUB;3997;15;49,28;49,28
RU000A0ZYF38;ДОМ.РФ (АО) БО-07;5000;01.11.2023;1000;RUB;1000;11,1;27,67;27,67
RU000A0ZYF20;ДОМ.РФ (АО) БО-06;5000;01.11.2023;1000;RUB;1000;7,95;19,82;19,82
RU000A0NX456;ВЭБ.РФ ПБО-001Р-К444;20000;01.11.2023;1000;RUB;1000;13,05;5,01;5,01
RU000A0NNEC8;Банк ВТБ (ПАО) Б-1-190;433,294;01.11.2023;1000;RUB;1000;0,01;0,05;0,05
RU000A0JXQQ9;ООО АРАГОН об.;1000;01.11.2023;1000;RUB;1000;13,5;33,66;33,66
RU000A0JWGD0;ПАО "АНК "Башнефть" БО-08;5000;01.11.2023;1000;RUB;1000;10,9;54,35;54,35
RU000A0JV805;"Россельхозбанк" (АО) БО-08;10000;01.11.2023;1000;RUB;1000;8,4;20,94;20,94
RU000A0JTZF1;ДОМ.РФ (АО) обл. сер.А26;6000;01.11.2023;1000;RUB;1000;8,35;21,05;21,05
RU000A106MW0;ПАО "ТГК-14" 001Р-02;1950;31.10.2023;1000;RUB;1000;12,85;32,04;32,04
RU000A106MV2;МГКЛ 001Р-04;300;31.10.2023;1000;RUB;1000;16;39,89;39,89
RU000A1061K1;ЕвроТранс БО-001Р-03;5000;31.10.2023;1000;RUB;1000;13,6;11,18;11,18
RU000A105CM4;ХК Новотранс 001P-03;28500;31.10.2023;1000;RUB;1000;11,7;29,17;29,17
RU000A1050X7;НИКА 001Р-01;300;31.10.2023;1000;RUB;1000;15;37,4;37,4
RU000A102B97;Вита Лайн 001Р-02;500;31.10.2023;1000;RUB;1000;9,75;24,31;24,31
RU000A102B48;ЯТЭК 001Р-01;4000;31.10.2023;1000;RUB;1000;8,5;42,38;42,38
RU000A101012;АФК Система БО 001P-12;10000;31.10.2023;1000;RUB;1000;7,85;39,14;39,14
RU000A100PB0;ГУП ЖКХ РС (Я) БО-01;3000;31.10.2023;1000;RUB;1000;13,25;33,03;33,03
RU000A0ZYR91;ГТЛК БО 001Р-08;10000;31.10.2023;1000;RUB;1000;11,32;28,22;28,22
RU000A0ZYEE5;ГПБ (АО) БО-17;10000;31.10.2023;1000;RUB;1000;8,15;41,08;41,08
RU000A0JU2L7;ФСК Россети(ПАО)-обл. сер.27;11000;31.10.2023;1000;RUB;1000;4,25;10,6;10,6
RU000A0JU2K9;ФСК Россети(ПАО)-обл. сер.26;15000;31.10.2023;1000;RUB;1000;4,25;10,6;10,6
XS2325565369;BCS SP Plc Series 159;10;30.10.2023;1250;USD;1250;;;
XS2276567604;BCS SP Plc Series 137;5;30.10.2023;1250;USD;1250;;43,75;4078,26
XS2143149834;BCS SP Plc Series 87;10;30.10.2023;1250;USD;1250;;46,875;4369,57
XS1760786340;Alfa Bond Issuance perpetual 2;500;30.10.2023;1000;USD;1000;8,128;20,32;1894,18
RU000A106TJ2;ФИНАНСОВЫЕ СИСТЕМЫ БО-01;500;30.10.2023;1000;RUB;1000;16;13,15;13,15
RU000A106T85;КОНТРОЛ лизинг 001Р-01;1000;30.10.2023;1000;RUB;1000;16,25;13,36;13,36
RU000A106MQ2;Банк ВТБ (ПАО) Б-1-330;121,743;30.10.2023;1000;RUB;1000;10;24,93;24,93
RU000A104V00;Пионер-Лизинг БР5;400;30.10.2023;1000;RUB;1000;14,99;12,32;12,32
RU000A103YP6;СГ-транс 001P-01;8500;30.10.2023;1000;RUB;1000;9,9;24,68;24,68
RU000A103DA2;МигКредит 01К;800;30.10.2023;1000;RUB;320;12,25;3,62;3,62
RU000A102ZT7;МФК Быстроденьги 02;400;30.10.2023;1000;RUB;1000;12,75;10,48;10,48
RU000A102B30;Интерлизинг 001Р-01;1000;30.10.2023;1000;RUB;1000;11,5;28,67;28,67
RU000A102A07;АЛЬФА-БАНК Б2Р8;8000;30.10.2023;1000;RUB;1000;5,9;29,58;29,58
RU000A101VG5;Банк ВТБ (ПАО) Б-1-97;86,532;30.10.2023;1000;RUB;1000;0,01;0,05;0,05
RU000A0ZZ5J9;Почта России (АО) БО-001P-05;5000;30.10.2023;1000;RUB;1000;9,9;49,36;49,36
RU000A0ZZ5H3;Почта России (АО) БО-001P-04;5000;30.10.2023;1000;RUB;1000;9,9;49,36;49,36
RU000A0JVWA5;РОСБАНК ПАО обл. БО-19;5000;30.10.2023;1000;RUB;1000;1;5,01;5,01
RU000A0JULC6;РОСБАНК ПАО обл.БСО-15;3000;30.10.2023;1000;RUB;1000;0,01;0,03;0,03
RU000A0JULA0;РОСБАНК ПАО обл.БСО-14;3000;30.10.2023;1000;RUB;1000;0,02;0,05;0,05
RU000A0JUL91;РОСБАНК ПАО обл.БСО-13;2000;30.10.2023;1000;RUB;1000;0,03;0,08;0,08
RU000A0JUL67;РОСБАНК ПАО обл.БСО-12;2000;30.10.2023;1000;RUB;1000;0,04;0,1;0,1
RU000A103HG0;АйДи Коллект 01;400;29.10.2023;1000;RUB;1000;12;9,86;9,86
RU000A1032X5;ТЕХНО Лизинг 001P-04;500;29.10.2023;1000;RUB;1000;10,75;8,84;8,84
RU000A1028H6;Сибнефтехимтрейд БО-01;300;29.10.2023;1000;RUB;833,3;13,5;11,1;11,1
RU000A1025U5;Сбербанк ПАО 001Р-SBER17;40000;29.10.2023;1000;RUB;1000;5,7;28,42;28,42
XS2069992258;MMC Finance DAC 28/10/24;750;28.10.2023;1000;USD;1000;3,375;16,88;1573,51
XS0191754729;GAZ CAPITAL SA 8.625 28/04/34;1200;28.10.2023;1000;USD;1000;8,625;43,125;4020
RU000A106YN4;Группа Продовольствие 001P-03;300;28.10.2023;1000;RUB;1000;16;13,15;13,15
RU000A106SL0;ИСТРИНСКАЯ СЫРОВАРНЯ БО-02;100;28.10.2023;1000;RUB;1000;14,5;11,92;11,92
RU000A106SK2;ФПК Гарант-Инвест БО 002Р-07;4000;28.10.2023;1000;RUB;1000;14,5;11,92;11,92
RU000A106FM5;ДОМ.РФ Ипотечный агент БО 1P34;17391,177;28.10.2023;1000;RUB;964,86;12,9;10,32;10,32
RU000A106B51;МФК Быстроденьги 002Р-02;300;28.10.2023;1000;RUB;1000;16;13,15;13,15
RU000A1065R7;ДОМ.РФ Ипотечный агент БО 1P33;16515,643;28.10.2023;1000;RUB;892,74;8,6;6,44;6,44
RU000A105SK4;ЛК Роделен БО 001Р-04;250;28.10.2023;1000;RUB;1000;14;11,51;11,51
RU000A105NZ3;ДОМ.РФ Ипотечный агент БО 1P32;6128,78;28.10.2023;1000;RUB;886,72;12,7;9,35;9,35
RU000A105NP4;ДОМ.РФ Ипотечный агент БО 1P30;4465,49;28.10.2023;1000;RUB;829,88;9,46;20,77;20,77
RU000A105NN9;ДОМ.РФ Ипотечный агент БО 1P29;54789,504;28.10.2023;1000;RUB;854,83;13,7;9,77;9,77
RU000A105LN3;ДОМ.РФ Ипотечный агент БО 1P27;20597,323;28.10.2023;1000;RUB;834,34;7,4;5,16;5,16
RU000A105JF3;ДОМ.РФ Ипотечный агент БО 1P26;5477,816;28.10.2023;1000;RUB;898,98;12,47;9,31;9,31
RU000A105H23;ДОМ.РФ Ипотечный агент БО 1P25;5527,918;28.10.2023;1000;RUB;761,46;9,35;5,97;5,97
RU000A105A95;Газпром капитал ООО ЗО34-1-Д;748,626;28.10.2023;1000;USD;1000;8,625;43,13;4020,47
RU000A1058R2;ДОМ.РФ Ипотечный агент БО 1P22;6638,733;28.10.2023;1000;RUB;859,19;12,6;9,02;9,02
RU000A105898;ДОМ.РФ Ипотечный агент БО 1P21;2317,051;28.10.2023;1000;RUB;802,31;8,2;17,57;17,57
RU000A104XE0;Лизинг-Трейд 001P-04;100;28.10.2023;1000;RUB;1000;15;12,33;12,33
RU000A104X32;ДОМ.РФ Ипотечный агент БО 1P19;6704,238;28.10.2023;1000;RUB;824,91;12,65;8,67;8,67
RU000A104UV0;ДОМ.РФ Ипотечный агент БО 1P18;6183,696;28.10.2023;1000;RUB;813,2;12,4;8,4;8,4
RU000A104B79;ДОМ.РФ Ипотечный агент БО 1P16;207605,03;28.10.2023;1000;RUB;693,63;7,65;4,44;4,44
RU000A104AM1;ДОМ.РФ Ипотечный агент БО 1P17;31410,336;28.10.2023;1000;RUB;706,61;6,8;4,03;4,03
RU000A1041Q0;ДОМ.РФ Ипотечный агент БО 1P13;5353,129;28.10.2023;1000;RUB;701,57;12,65;7,41;7,41
RU000A103YG5;ДОМ.РФ Ипотечный агент БО 1P11;48293,483;28.10.2023;1000;RUB;704,59;6,8;12,69;12,69
RU000A103W42;ДОМ.РФ Ипотечный агент БО 1P10;3087,641;28.10.2023;1000;RUB;703,38;7;13,02;13,02
RU000A1031K4;ДОМ.РФ Ипотечный агент БО 1P8;4742,319;28.10.2023;1000;RUB;565,24;6,95;10,38;10,38
RU000A102ME7;ИА Титан-3 03;228,923;28.10.2023;1000;RUB;1000;;51,53;51,53
RU000A102MC1;ИА Титан-3 02;323,614;28.10.2023;1000;RUB;1000;;40,25;40,25
RU000A102MB3;ИА Титан-3 01;2275;28.10.2023;1000;RUB;214,19;7,45;4,81;4,81
RU000A102GV3;ДОМ.РФ Ипотечный агент БО 1P1;5825,188;28.10.2023;1000;RUB;493,52;6,05;7,91;7,91
RU000A102861;ПАО ОТКРЫТИЕ ФК Банк БО-ИО-П02;79,047;28.10.2023;1000;RUB;1000;0,01;0,1;0,1
RU000A101X01;ДОМ.РФ Ипотечный агент 16-002P;1035,6;28.10.2023;1000;RUB;401,96;7,864;8,52;8,52
RU000A101JD7;ДОМ.РФ Ипотечный агент 05-001P;7207,044;28.10.2023;1000;RUB;334,55;6,5;5,82;5,82
RU000A1016B4;ДОМ.РФ Ипотечный агент 12-002P;24085,632;28.10.2023;1000;RUB;341,85;8,909;8,19;8,19
RU000A100ZB9;ДОМ.РФ Ипотечный агент 10-002P;95652,798;28.10.2023;1000;RUB;275,97;9,316;2,16;2,16
RU000A100YY4;ДОМ.РФ Ипотечный агент 11-002P;4923,727;28.10.2023;1000;RUB;301,23;7,1;5,69;5,69
RU000A1007Q1;АВАНГАРД АКБ ПАО БО-001P-02;3000;28.10.2023;1000;RUB;1000;0,01;0,01;0,01
RU000A0ZZCH9;ДОМ.РФ Ипотечный агент 05-002P;6187,764;28.10.2023;1000;RUB;198,08;8;4,27;4,27
RU000A0ZYLX0;ДОМ РФ ИА 03;1957,905;28.10.2023;1000;RUB;98,24;10,286;2,76;2,76
RU000A0ZYL89;ДОМ РФ ИА 04;7557,011;28.10.2023;1000;RUB;72,55;10,327;2,03;2,03
RU000A0ZYJT2;ДОМ РФ ИА 002P;48197,806;28.10.2023;1000;RUB;74,51;11,5;2,35;2,35
XS2393505008;MMC Finance DAC 2.8 27/10/26;500;27.10.2023;1000;USD;1000;2,8;14;1309,86
RU000A106SE5;Фордевинд 04;300;27.10.2023;1000;RUB;1000;17;13,97;13,97
RU000A106M25;Банк ВТБ (ПАО) Б-1-320;7735,01;27.10.2023;1000;RUB;1000;9,05;7,44;7,44
RU000A106AU9;Ультра БО-01;250;27.10.2023;1000;RUB;1000;16;13,15;13,15
RU000A106AK0;СОБИ-ЛИЗИНГ 001Р-02;200;27.10.2023;1000;RUB;940;14,3;11,4;11,4
RU000A1066A1;Уральская Сталь БО-001Р-02;10000;27.10.2023;1000;RUB;1000;10,6;26,43;26,43
RU000A105JN7;Глобал Факторинг БО-01-001P;100;27.10.2023;1000;RUB;1000;20;16,44;16,44
RU000A105CL6;СОБИ-ЛИЗИНГ 001Р-01;100;27.10.2023;1000;RUB;730;16;9,99;9,99
RU000A105B86;ВЭБ.РФ ПБО-001Р-К405;4500;27.10.2023;1000;RUB;1000;8,82;87,96;87,96
RU000A104SJ9;МФК Быстроденьги 03;132,085;27.10.2023;1000;RUB;1000;18;14,79;14,79
RU000A103UR0;СберИОС 001Р-478R 5Г IMOEX;309,198;27.10.2023;1000;RUB;1000;0,01;0,1;0,1
RU000A103UQ2;СберИОС 001Р-477R 5Г SPX;220,479;27.10.2023;1000;RUB;1000;0,01;0,1;0,1
RU000A1032D7;Маныч-Агро 01;300;27.10.2023;1000;RUB;1000;12;29,92;29,92
RU000A1029V5;МОСКОВСКИЙ КРЕДИТНЫЙ БАНК П20;800;27.10.2023;1000;RUB;1000;0,01;0,05;0,05
RU000A101Z66;Балтийский лизинг ООО БО-П03;5000;27.10.2023;1000;RUB;375;7,15;8,91;8,91
RU000A101D54;ГТЛК-1520 П01-БО-02;35600;27.10.2023;1000;RUB;625;8,8;14,26;14,26
RU000A0ZZRY2;РЖД ОАО БО 001Р-09R;10000;27.10.2023;1000;RUB;1000;10,94;54,55;54,55
XS2401571521;Lukoil Capital DAC 26/10/31;1150;26.10.2023;1000;USD;1000;3,6;18;1676,71
XS2401571448;Lukoil Capital DAC 26/04/27;1150;26.10.2023;1000;USD;1000;2,8;14;1304,11
XS2333280571;Alfa Bond Issuance 26/10/31;350;26.10.2023;1000;USD;1000;5,5;27,5;2561,64
RU000A106Y88;МФК ВЭББАНКИР 04;350;26.10.2023;1000;RUB;1000;20;16,44;16,44
RU000A106Y21;Нафтатранс плюс ООО БО-05;250;26.10.2023;1000;RUB;1000;19;15,62;15,62
RU000A106M41;Банк ВТБ (ПАО) Б-1-329;5000;26.10.2023;1000;RUB;1000;9,5;23,68;23,68
RU000A106672;Газпром капитал ООО БО-001Р-05;30000;26.10.2023;1000;RUB;1000;9,8;24,43;24,43
RU000A106656;Южуралзолото 001P-03;10000;26.10.2023;1000;RUB;1000;10,05;50,11;50,11
RU000A106631;АПРИ ФП БО-002Р-02;1000;26.10.2023;1000;RUB;1000;18;44,88;44,88
RU000A106607;Минфин Ульяновской обл. 34005;3000;26.10.2023;1000;RUB;1000;10,6;26,43;26,43
RU000A1065Y3;Агротек БО-02;115;26.10.2023;1000;RUB;1000;15;37,4;37,4
RU000A1064L3;ЕАБР 003P-007;15000;26.10.2023;1000;RUB;1000;;56,09;56,09
RU000A105CF8;Нафтатранс плюс ООО БО-04;100;26.10.2023;1000;RUB;1000;19;15,62;15,62
RU000A105C44;МКПАО ОК РУСАЛ БО-001Р-01;6000;26.10.2023;1000;CNY;1000;3,75;18,7;237,65
RU000A105C28;ГруппаЧеркизово БО-001Р-05;10000;26.10.2023;1000;RUB;1000;9,95;24,81;24,81
RU000A105BW5;АО СПМК БО-01;200;26.10.2023;1000;RUB;1000;18;44,88;44,88
RU000A105A87;Совкомфлот ЗО-2028;317,813;26.10.2023;1000;USD;1000;3,85;19,25;1793,15
RU000A1059R0;ПАО "ЛУКОЙЛ" ЗО-31;253,992;26.10.2023;1000;USD;1000;3,6;18;1676,71
RU000A1059P4;ПАО "ЛУКОЙЛ" ЗО-27;257,441;26.10.2023;1000;USD;1000;2,8;14;1304,11
RU000A1059D0;СберИОС 001Р-540R 3Г ЛУКОЙЛ;104,105;26.10.2023;1000;RUB;1000;0,01;0,1;0,1
RU000A104ZV9;РГ Лизинг 1P3;1000;26.10.2023;1000;RUB;1000;16;36,74;36,74
RU000A104ZU1;АО им. Т.Г. Шевченко 001P-04;250;26.10.2023;1000;RUB;1000;17;42,38;42,38
RU000A104YR0;СФО МОС МСП 2 об. 3;4000;26.10.2023;1000;RUB;1000;9,55;7,85;7,85
RU000A104FX7;ООО "А Девелопмент" 01;300,145;26.10.2023;1000;RUB;1000;13,85;34,53;34,53
RU000A103V84;СберИОС 001Р-475R 3Г SPX;81,965;26.10.2023;1000;RUB;1000;0,01;0,1;0,1
RU000A103G83;ТД Синтеком БО-01;100;26.10.2023;1000;RUB;1000;13;32,41;32,41
RU000A103CW8;МФК Займер - 02;500;26.10.2023;1000;RUB;666,8;12,75;7,86;7,86
RU000A102GC3;БЭЛТИ-ГРАНД ООО БО-П03;200;26.10.2023;1000;RUB;640;12;6,31;6,31
RU000A102AB8;Завод КЭС 001P-02;200;26.10.2023;1000;RUB;500;14;27,92;27,92
RU000A101Z17;Свердловская область 35008;12000;26.10.2023;1000;RUB;1000;6,1;15,21;15,21
RU000A101MG4;Российские сети ПАО БО-001Р-02;10000;26.10.2023;1000;RUB;1000;6,5;16,21;16,21
RU000A101CL5;ФСК Россети ПАО БО 001P-04R;10000;26.10.2023;1000;RUB;1000;6,75;16,83;16,83
RU000A100ZL8;Группа ЛСР ПАО БО 001Р-05;6000;26.10.2023;1000;RUB;400;8,4;16,75;16,75
RU000A100TT4;БЭЛТИ-ГРАНД ООО БО-П02;300;26.10.2023;1000;RUB;307;12,5;3,15;3,15
RU000A0JXQK2;ПАО НК Роснефть 001P-04;40000;26.10.2023;1000;RUB;1000;8,5;42,38;42,38
RU000A102A49;ОФЗ-ПК 29019 18/07/2029;430194,756;25.10.2023;1000;RUB;1000;11,14;27,78;27,78
RU000A1025A7;ОФЗ-ПК 29015 18/10/2028;409796,724;25.10.2023;1000;RUB;1000;11,14;27,78;27,78
RU000A101CK7;ОФЗ-ПК 24021 24/04/24;300000;25.10.2023;1000;RUB;1000;11,14;27,78;27,78
RU000A107456;МТС-Банк ПАО 001P-03;10000;25.10.2023;1000;RUB;1000;15,37;0,84;0,84
RU000A106XT3;АйДи Коллект 04;600;25.10.2023;1000;RUB;1000;16,5;13,56;13,56
RU000A106WW9;ВЭБ.РФ ПБО-002Р-38;40000;25.10.2023;1000;RUB;1000;;14,06;14,06
RU000A1065S5;МегаФон ПАО БО-002P-03;20000;25.10.2023;1000;RUB;1000;8,9;22,19;22,19
RU000A105575;МФК ВЭББАНКИР 03;100;25.10.2023;1000;RUB;1000;16;13,15;13,15
RU000A104FG2;ГК Сегежа 002P-03R;9000;25.10.2023;1000;RUB;1000;10,9;27,18;27,18
RU000A1042W6;ВЭБ.РФ ПБО-002Р-31;50000;25.10.2023;1000;RUB;1000;;31,64;31,64
RU000A1037E4;СпецИнвестЛизинг 001P-03;250;25.10.2023;1000;RUB;437,5;10;3,6;3,6
RU000A1020K7;ПЮДМ ООО БО-П02;120;25.10.2023;10000;RUB;10000;13;106,85;106,85
RU000A101MB5;Совкомбанк БО-П02;11933,358;25.10.2023;1000;RUB;1000;9;22,44;22,44
RU000A101LX1;ФСК Россети ПАО БО 001P-05R;10000;25.10.2023;1000;RUB;1000;6,5;16,21;16,21
RU000A101LN2;Международн.инвест.банк БО1P-3;5000;25.10.2023;1000;RUB;1000;7,75;38,64;38,64
RU000A101LM4;Международн.инвест.банк БО1P-2;7000;25.10.2023;1000;RUB;1000;7,75;38,64;38,64
RU000A100ZF0;Россети Урал БО-03;3000;25.10.2023;1000;RUB;1000;8,8;43,88;43,88
RU000A100ZD5;Россети Урал БО-04;4000;25.10.2023;1000;RUB;1000;8,8;43,88;43,88
RU000A0NNEB0;Банк ВТБ (ПАО) Б-1-189;255,677;25.10.2023;1000;RUB;1000;0,01;0,05;0,05
RU000A0NNEA2;Банк ВТБ (ПАО) Б-1-188;40,602;25.10.2023;1000;RUB;1000;0,01;0,05;0,05
RU000A0JVDD9;ФСК Россети(ПАО)-обл. сер.38;20000;25.10.2023;1000;RUB;1000;4,25;10,6;10,6
RU000A0JVCB5;ФСК Россети(ПАО)-обл. сер.37;20000;25.10.2023;1000;RUB;1000;4,25;10,6;10,6
RU000A106LS0;Глобал Факторинг БО-03-001P;150;24.10.2023;1000;RUB;1000;14,75;12,12;12,12
RU000A106K35;АВТОБАН-Финанс АО БО-П04;5000;24.10.2023;1000;RUB;1000;10;24,93;24,93
RU000A1065K2;ДОМ.РФ АО 001P-15R;15000;24.10.2023;1000;RUB;1000;8,85;44,13;44,13
RU000A1065C9;Россети ПАО БО 001P-09R;5000;24.10.2023;1000;RUB;1000;10,44;26,03;26,03
RU000A1065B1;АБЗ-1 001P-04;1500;24.10.2023;1000;RUB;1000;13,75;34,28;34,28
RU000A1065A3;Россети ПАО БО 001P-10R;10000;24.10.2023;1000;RUB;1000;11,15;27,8;27,8
RU000A1060U2;Глобал Факторинг БО-02-001P;150;24.10.2023;1000;RUB;1000;16,5;13,56;13,56
RU000A105BP9;РЕАТОРГ 001Р-01;200;24.10.2023;1000;RUB;1000;16;39,89;39,89
RU000A1058U6;МФК КарМани 02;274,622;24.10.2023;1000;RUB;800;19;12,49;12,49
RU000A104ZK2;МВ ФИНАНС 001Р-03;5000;24.10.2023;1000;RUB;1000;12,35;30,79;30,79
RU000A103WZ9;НЕКС-Т БО-П01;294;24.10.2023;1000;RUB;1000;11,5;28,67;28,67
RU000A103TS0;ТЕХНО Лизинг 001P-05;423,874;24.10.2023;1000;RUB;1000;11,5;9,45;9,45
RU000A1031U3;ВЭБ.РФ ПБО-001Р-26;10000;24.10.2023;1000;RUB;1000;8,13;40,54;40,54
RU000A1031T5;ВЭБ.РФ ПБО-001Р-25;10000;24.10.2023;1000;RUB;1000;8,13;40,54;40,54
RU000A1031S7;ВЭБ.РФ ПБО-001Р-24;30000;24.10.2023;1000;RUB;1000;8,13;40,54;40,54
RU000A1030T7;Гор.Обл.Займ Москвы 73 в.;70000;24.10.2023;1000;RUB;1000;7,2;35,9;35,9
RU000A1030S9;Гор.Обл.Займ Москвы 72 в.;70000;24.10.2023;1000;RUB;1000;6,55;32,66;32,66
RU000A100Z91;ГТЛК БО 001P-15;25000;24.10.2023;1000;RUB;400;7,69;11,5;11,5
RU000A100LE3;Ламбумиз БО-П01;120;24.10.2023;10000;RUB;10000;9,5;78,08;78,08
RU000A100238;Мобильные ТелеСистемы 001P-07;10000;24.10.2023;1000;RUB;1000;8,7;21,69;21,69
RU000A0ZZR33;Липецкая область 10;3000;24.10.2023;1000;RUB;300;8,57;8,55;8,55
RU000A0JXS83;Ярославская обл. об.2017г.;10000;24.10.2023;1000;RUB;875;8,4;20,94;20,94
RU000A0JWHW8;Новосибирск  мун.обл. 2016;3000;24.10.2023;1000;RUB;300;9,7;11;11
CH0248531110;VTB CAPITAL S.A. 24 CHF;350;24.10.2023;5000;CHF;5000;4,073;203,625;21605,35
XS2388941580;BCS SP Plc Series 216;5;23.10.2023;1250;USD;1250;;;
RU000A1065M8;АйДи Коллект 03;800;23.10.2023;1000;RUB;1000;15;12,33;12,33
RU000A105ZN3;Банк ВТБ (ПАО) Б-1-318;5000;23.10.2023;1000;RUB;1000;8,13;6,68;6,68
RU000A105RQ3;Банк ВТБ (ПАО) Б-1-321;806,239;23.10.2023;1000;RUB;1000;0,01;0,02;0,02
RU000A105PP9;ЕвроТранс БО-001Р-01;3000;23.10.2023;1000;RUB;1000;13,5;11,1;11,1
RU000A105C93;Сибирское Стекло БО-П03;300;23.10.2023;1000;RUB;1000;17;13,97;13,97
RU000A1030Y7;АО Авто Финанс Банк БО-001Р-08;8000;23.10.2023;1000;RUB;1000;7,4;37,1;37,1
RU000A1030F6;Райффайзенбанк БРО-02;61,098;23.10.2023;1000;RUB;1000;0,01;0,05;0,05
RU000A100B73;МЕТАЛЛОИНВЕСТ БО-09;5000;23.10.2023;1000;RUB;1000;8,85;44,13;44,13
RU000A0ZYH93;Новосибирск  мун.обл. 2017;5000;23.10.2023;1000;RUB;450;7,85;8,71;8,71
RU000A0ZYDU3;Свердловская обл. 04;10000;23.10.2023;1000;RUB;400;7,7;11,52;11,52
RU000A0JVWJ6;ГосТранспортЛизингКомп БО-06;4000;23.10.2023;1000;RUB;1000;11,64;29,02;29,02
XS2243344434;Bonitron DAC 22/10/25;300;22.10.2023;1000;USD;1000;9;45;4315,74
XS2010040397;Uralkali Finance 22/10/24;500;22.10.2023;1000;USD;1000;4;20;1918,11
RU000A106VT7;АЛЬФА-БАНК Б1Р07;2601,993;22.10.2023;1000;RUB;1000;13;10,68;10,68
RU000A106TQ7;Вымпел-Коммуникации 002Р-03;6000;22.10.2023;1000;RUB;1000;7,3;10,2;10,2
RU000A106TN4;Вымпел-Коммуникации 002Р-01;7000;22.10.2023;1000;RUB;1000;9,32;13,02;13,02
RU000A106L67;ОйлРесурсГрупп БО-02;300;22.10.2023;1000;RUB;1000;16,5;13,56;13,56
RU000A1065H8;Кузина БО-П02;70;22.10.2023;1000;RUB;1000;16,5;13,56;13,56
RU000A105YK2;Вымпел-Коммуникации 001Р-03;9600;22.10.2023;1000;RUB;1000;7,3;18,2;18,2
RU000A105WK6;Вымпел-Коммуникации 001Р-04;6000;22.10.2023;1000;RUB;1000;8,85;22,06;22,06
RU000A105WC3;Вымпел-Коммуникации 001Р-01;12000;22.10.2023;1000;RUB;1000;9,32;23,24;23,24
RU000A105P64;Феррони БО-02;200;22.10.2023;1000;RUB;1000;16,5;13,56;13,56
RU000A105A04;МЕТАЛЛОИНВЕСТ 028;285,78;22.10.2023;1000;USD;1000;3,375;16,875;1618,4
RU000A103GL2;МФК ЦФП Об-02;1000;22.10.2023;1000;RUB;1000;13;10,68;10,68
RU000A106EP1;ПР-Лизинг ООО БО 002Р-02;1500;21.10.2023;1000;RUB;1000;12,5;10,27;10,27
RU000A106EM8;Балтийский лизинг ООО БО-П08;10000;21.10.2023;1000;RUB;1000;10,7;8,79;8,79
RU000A1068R1;Россельхозбанк БO-02-002P;25000;21.10.2023;1000;RUB;1000;13,28;11,28;11,28
RU000A105RU5;Мосрегионлифт БО-01;200;21.10.2023;1000;RUB;1000;18;14,79;14,79
RU000A1043E2;Новосибирская область 35022;10000;21.10.2023;1000;RUB;1000;9,03;22,51;22,51
RU000A1013C9;ИС петролеум БО-П01;300;21.10.2023;1000;RUB;420;14;4,99;4,99
RU000A100Q35;ПР-Лизинг ООО БО 001Р-03;400;21.10.2023;1000;RUB;1000;11;9,04;9,04